tag,completeness_percentage
name,31.746031746031743
opening_hours,20.634920634920633
phone,17.46031746031746
email,4.761904761904762
