tag,completeness_percentage
name,54.375896700143464
opening_hours,16.06886657101865
phone,12.051649928263988
email,3.443328550932568
