tag,completeness_percentage
name,41.78082191780822
stars,0.3424657534246575
opening_hours,11.986301369863012
phone,22.602739726027394
email,10.95890410958904
beds,0.3424657534246575
rooms,1.0273972602739725
