tag,completeness_percentage
name,60.62176165803109
stars,2.5906735751295336
opening_hours,10.01727115716753
phone,19.689119170984455
email,11.226252158894647
beds,0.17271157167530224
rooms,3.281519861830743
