tag,completeness_percentage
name,60.24187452758881
opening_hours,13.681027966742251
phone,13.983371126228269
email,4.308390022675737
