tag,completeness_percentage
name,64.23173803526448
opening_hours,25.94458438287154
phone,35.768261964735515
email,31.98992443324937
